{
  "primary_metric": "f1",
  "selected_model": "lightgbm",
  "selected_score": 0.8026402640264027,
  "model_path": "models\\sample_10000_victor_lightgbm\\best_model.joblib",
  "metrics": {
    "accuracy": 0.8505,
    "precision": 0.7875647668393783,
    "recall": 0.8183041722745625,
    "f1": 0.8026402640264027,
    "roc_auc": 0.9220146453079444
  }
}