{
  "study_name": "hotel_post_asignacion_lgbm_f1_8h",
  "feature_set": "post_asignacion",
  "primary_metric": "f1",
  "best_value": 0.8457638513243976,
  "best_trial": 517,
  "best_params": {
    "n_estimators": 1900,
    "learning_rate": 0.014839095842342522,
    "num_leaves": 240,
    "max_depth": 16,
    "min_child_samples": 10,
    "subsample": 0.9033910785111278,
    "colsample_bytree": 0.7960451523278428,
    "reg_alpha": 3.5777418356618855e-08,
    "reg_lambda": 6.976485197070142e-08,
    "min_split_gain": 0.0005452294413275365,
    "class_weight": "balanced"
  }
}