{
  "primary_metric": "f1",
  "selected_model": "lightgbm",
  "selected_score": 0.8175340099330598,
  "model_path": "models/feature_set_post_asignacion_full_lgbm/best_model.joblib",
  "metrics": {
    "accuracy": 0.8578637510513036,
    "precision": 0.7811822965026307,
    "recall": 0.8574340391801608,
    "f1": 0.8175340099330598,
    "roc_auc": 0.9418016159255816
  }
}