{
  "primary_metric": "f1",
  "selected_model": "lightgbm",
  "selected_score": 0.7992047713717694,
  "model_path": "models\\sample_10000_alejandro_lightgbm\\best_model.joblib",
  "metrics": {
    "accuracy": 0.8485,
    "precision": 0.7872062663185379,
    "recall": 0.8115746971736204,
    "f1": 0.7992047713717694,
    "roc_auc": 0.9186713221571583
  }
}