{
  "primary_metric": "f1",
  "selected_model": "lightgbm_native_optuna",
  "selected_score": 0.8396088569180623,
  "model_path": "models/optuna_binary_native_lgbm/best_model.joblib",
  "metrics": {
    "accuracy": 0.8797961504443415,
    "precision": 0.8328687702084959,
    "recall": 0.8464589235127479,
    "f1": 0.8396088569180623,
    "roc_auc": 0.951242968644074
  }
}